{
  "project_info": {
    "project_number": "57802961875",
    "project_id": "androidang-540ea",
    "storage_bucket": "androidang-540ea.appspot.com"
  },
  "client": [
    {
      "client_info": {
        "mobilesdk_app_id": "1:57802961875:android:c95b78a215e79f650c7526",
        "android_client_info": {
          "package_name": "com.abrahxm.spacephoto"
        }
      },
      "oauth_client": [
        {
          "client_id": "57802961875-qdjg3nhigauv0drt6on91ke9qte18irl.apps.googleusercontent.com",
          "client_type": 3
        }
      ],
      "api_key": [
        {
          "current_key": "AIzaSyCWb5Fcq9KGLUdXGhdAKNX9FKiAahuL69E"
        }
      ],
      "services": {
        "appinvite_service": {
          "other_platform_oauth_client": [
            {
              "client_id": "57802961875-qdjg3nhigauv0drt6on91ke9qte18irl.apps.googleusercontent.com",
              "client_type": 3
            }
          ]
        }
      }
    }
  ],
  "configuration_version": "1"
}